epoch,accuracy,loss,val_accuracy,val_loss
0,0.5249999761581421,1.4386274814605713,0.5,1.5362355709075928
1,0.550000011920929,1.1592907905578613,0.5,0.8089026212692261
2,0.5874999761581421,0.7978284955024719,0.5,0.7068126797676086
3,0.6625000238418579,0.6346320509910583,0.550000011920929,0.6973835229873657
4,0.7875000238418579,0.571066677570343,0.550000011920929,0.7499881386756897
5,0.8500000238418579,0.47441548109054565,0.44999998807907104,0.7297261953353882
6,0.8999999761581421,0.38472771644592285,0.4000000059604645,0.7693472504615784
